,Job Name,Job URL,Company Name,Job Location,Summary,Salary,Job Posted on,Current Date
0,Senior Java/JS Developer,https://www.jobstreet.com.my/en/job/senior-java-js-developer-4699783?jobId=jobstreet-my-job-4699783&sectionRank=1&token=0~e6d28e9f-2a58-4faf-bf9a-d535de4a5ae3&fr=SRP%20Job%20Listing,8capita,Kuala Lumpur,"Remote-first company,Dynamic and international team,Interesting FinTech products to work on",MYR 10K - 12K monthly,4/11/2021,6/11/2021
1,Senior Software Engineer (Java),https://www.jobstreet.com.my/en/job/senior-software-engineer-java-4703834?jobId=jobstreet-my-job-4703834&sectionRank=2&token=0~e6d28e9f-2a58-4faf-bf9a-d535de4a5ae3&fr=SRP%20Job%20Listing,AVEX CONSULTING SDN. BHD.,Kuala Lumpur,"Personal Development Opportunities,Open Culture,Can start work ASAP",MYR 10K - 16K monthly,3/11/2021,6/11/2021
2,Mid / Senior Java Developer,https://www.jobstreet.com.my/en/job/mid-senior-java-developer-4698271?jobId=jobstreet-my-job-4698271&sectionRank=3&token=0~e6d28e9f-2a58-4faf-bf9a-d535de4a5ae3&fr=SRP%20Job%20Listing,MODE FAIR SDN BHD,Kuala Lumpur,"A+ salary based on capabilities & experiences,Our Employee Benefits get better Year-on-Year,No experience with Spring Boot? you can learn it here",Not_Available,2/11/2021,6/11/2021
3,Junior Software Engineer (Java),https://www.jobstreet.com.my/en/job/junior-software-engineer-java-4705885?jobId=jobstreet-my-job-4705885&sectionRank=4&token=0~e6d28e9f-2a58-4faf-bf9a-d535de4a5ae3&fr=SRP%20Job%20Listing,AVEX CONSULTING SDN. BHD.,Kuala Lumpur,"Can start work ASAP,Open Culture,Nearby Public Transport (LRT)",MYR 3K - 6K monthly,4/11/2021,6/11/2021
4,Senior Java Developer,https://www.jobstreet.com.my/en/job/senior-java-developer-4706676?jobId=jobstreet-my-job-4706676&sectionRank=5&token=0~e6d28e9f-2a58-4faf-bf9a-d535de4a5ae3&fr=SRP%20Job%20Listing,Arvato Systems Malaysia Sdn. Bhd.,Kuala Lumpur,"We champion hybrid working model!,Birthday Leave & Child Care/Parental Leave!,Sponsored meals, parking & other generous flexi benefits!",Not_Available,2/11/2021,6/11/2021
5,Senior Software Engineer,https://www.jobstreet.com.my/en/job/senior-software-engineer-4686319?jobId=jobstreet-my-job-4686319&sectionRank=6&token=0~e6d28e9f-2a58-4faf-bf9a-d535de4a5ae3&fr=SRP%20Job%20Listing,Aglive Labs (TBSx3 Malaysia Sdn Bhd),"Penang, Kuala Lumpur","Learning and training,Help you to achieve your career dream,Worldwide team",Not_Available,4/11/2021,6/11/2021
6,Senior Java Programmer,https://www.jobstreet.com.my/en/job/senior-java-programmer-4716893?jobId=jobstreet-my-job-4716893&sectionRank=7&token=0~e6d28e9f-2a58-4faf-bf9a-d535de4a5ae3&fr=SRP%20Job%20Listing,Rentas Ara Sdn Bhd,Kuala Lumpur,"Attractive remuneration (salary, allowance and benefits provided),Relatively stable job (No pay cut, no leave deduction during MCO),Friendly working environment",MYR 8K - 11K monthly,5/11/2021,6/11/2021
7,"Senior Java, Spring Boot Developer",https://www.jobstreet.com.my/en/job/senior-java-spring-boot-developer-4686671?jobId=jobstreet-my-job-4686671&sectionRank=8&token=0~e6d28e9f-2a58-4faf-bf9a-d535de4a5ae3&fr=SRP%20Job%20Listing,Shenma Credit Sdn Bhd,Kuala Lumpur,"Learning different aspects of the business - hands-on experiences,Opportunity to advance - setting up your leadership roles,Workplace Culture - a supportive family atmosphere",Not_Available,4/11/2021,6/11/2021
8,Software Engineer (Java),https://www.jobstreet.com.my/en/job/software-engineer-java-4717279?jobId=jobstreet-my-job-4717279&sectionRank=9&token=0~e6d28e9f-2a58-4faf-bf9a-d535de4a5ae3&fr=SRP%20Job%20Listing,Aleta Planet VBA Sdn Bhd,Kuala Lumpur,Not Available,Not_Available,5/11/2021,6/11/2021
9,Senior Full Stack Developer – Java,https://www.jobstreet.com.my/en/job/senior-full-stack-developer-java-4682931?jobId=jobstreet-my-job-4682931&sectionRank=10&token=0~e6d28e9f-2a58-4faf-bf9a-d535de4a5ae3&fr=SRP%20Job%20Listing,Pactera Malaysia Inc.Sdn Bhd,Kuala Lumpur,Not Available,Not_Available,3/11/2021,6/11/2021
10,Senior Backend Developer (goLang / nodejs / php / java),https://www.jobstreet.com.my/en/job/senior-backend-developer-golang-nodejs-php-java-4715678?jobId=jobstreet-my-job-4715678&sectionRank=11&token=0~e6d28e9f-2a58-4faf-bf9a-d535de4a5ae3&fr=SRP%20Job%20Listing,ITOM SDN. BHD.,Kuala Lumpur,"Work from HOME,Project Bonus,Flexible working hour",MYR 4.5K - 8K monthly,3/11/2021,6/11/2021
11,Software Developer – Java,https://www.jobstreet.com.my/en/job/software-developer-java-4680363?jobId=jobstreet-my-job-4680363&sectionRank=12&token=0~e6d28e9f-2a58-4faf-bf9a-d535de4a5ae3&fr=SRP%20Job%20Listing,SMG TALKING SDN.BHD.,Kuala Lumpur,Not Available,MYR 3.5K - 7K monthly,1/11/2021,6/11/2021
12,Java Developer (Full Stack),https://www.jobstreet.com.my/en/job/java-developer-full-stack-4682252?jobId=jobstreet-my-job-4682252&sectionRank=13&token=0~e6d28e9f-2a58-4faf-bf9a-d535de4a5ae3&fr=SRP%20Job%20Listing,CGI IT Consulting Sdn Bhd,Kuala Lumpur,Not Available,Not_Available,2/11/2021,6/11/2021
13,Android Developer (Kotlin/Java),https://www.jobstreet.com.my/en/job/android-developer-kotlin-java-4706050?jobId=jobstreet-my-job-4706050&sectionRank=14&token=0~e6d28e9f-2a58-4faf-bf9a-d535de4a5ae3&fr=SRP%20Job%20Listing,Hytech Consulting Management Sdn Bhd,Kuala Lumpur,"Attractive remuneration package,Positive working environment,Easily accessible office",MYR 6K - 10K monthly,4/11/2021,6/11/2021
14,Java Developer,https://www.jobstreet.com.my/en/job/java-developer-4714391?jobId=jobstreet-my-job-4714391&sectionRank=15&token=0~e6d28e9f-2a58-4faf-bf9a-d535de4a5ae3&fr=SRP%20Job%20Listing,OCBC Bank (Malaysia) Berhad,Kuala Lumpur,Not Available,Not_Available,2/11/2021,6/11/2021
15,Tech Lead – Java,https://www.jobstreet.com.my/en/job/tech-lead-java-4682938?jobId=jobstreet-my-job-4682938&sectionRank=16&token=0~e6d28e9f-2a58-4faf-bf9a-d535de4a5ae3&fr=SRP%20Job%20Listing,Pactera Malaysia Inc.Sdn Bhd,Kuala Lumpur,Not Available,Not_Available,3/11/2021,6/11/2021
16,"Senior Software Developer ( .NET, C+, Java)",https://www.jobstreet.com.my/en/job/senior-software-developer-net-c-java-4701953?jobId=jobstreet-my-job-4701953&sectionRank=17&token=0~e6d28e9f-2a58-4faf-bf9a-d535de4a5ae3&fr=SRP%20Job%20Listing,Fujitsu Systems Global Solutions Management Sdn. Bhd.,Kuala Lumpur,"13 Month Salary (regardless of company performance),Performance review Bonus,Easily accessible via public transport",MYR 5K - 7K monthly,31/10/2021,6/11/2021
17,SENIOR JAVA DEVELOPER,https://www.jobstreet.com.my/en/job/senior-java-developer-4714473?jobId=jobstreet-my-job-4714473&sectionRank=18&token=0~e6d28e9f-2a58-4faf-bf9a-d535de4a5ae3&fr=SRP%20Job%20Listing,MCPayment (M) Sdn Bhd,Kuala Lumpur,"EPF, SOCSO & PCB Provided,Good Salary and Benefit and Bonus Package,Start ASAP",MYR 6K - 8K monthly,2/11/2021,6/11/2021
18,Java Developer,https://www.jobstreet.com.my/en/job/java-developer-4696905?jobId=jobstreet-my-job-4696905&sectionRank=19&token=0~e6d28e9f-2a58-4faf-bf9a-d535de4a5ae3&fr=SRP%20Job%20Listing,Tech Mahindra Ltd,"Kuala Lumpur, Kelantan, Melaka, Negeri Sembilan, Selangor, Labuan",Not Available,MYR 6K - 8.4K monthly,31/10/2021,6/11/2021
19,Senior Java Developer - (210001TD),https://www.jobstreet.com.my/en/job/senior-java-developer-210001td-4714297?jobId=jobstreet-my-job-4714297&sectionRank=20&token=0~e6d28e9f-2a58-4faf-bf9a-d535de4a5ae3&fr=SRP%20Job%20Listing,Great Eastern Life Assurance Co Ltd,Kuala Lumpur,Not Available,Not_Available,2/11/2021,6/11/2021
20,CORE DEVELOPMENT TEAM LEAD(JAVA SPRING),https://www.jobstreet.com.my/en/job/core-development-team-lead-java-spring-4698659?jobId=jobstreet-my-job-4698659&sectionRank=21&token=0~e6d28e9f-2a58-4faf-bf9a-d535de4a5ae3&fr=SRP%20Job%20Listing,BLoyalty Sdn Bhd,Kuala Lumpur,Not Available,Not_Available,3/11/2021,6/11/2021
21,Java Developers,https://www.jobstreet.com.my/en/job/java-developers-4713884?jobId=jobstreet-my-job-4713884&sectionRank=22&token=0~e6d28e9f-2a58-4faf-bf9a-d535de4a5ae3&fr=SRP%20Job%20Listing,RELDYN TECH SDN. BHD.,Kuala Lumpur,"All-Remote Company,Flexibility and comparative freedom,Attractive Employee Benefits",MYR 5K - 10K monthly,2/11/2021,6/11/2021
22,Java Developer (Junior / Senior),https://www.jobstreet.com.my/en/job/java-developer-junior-senior-4691132?jobId=jobstreet-my-job-4691132&sectionRank=23&token=0~e6d28e9f-2a58-4faf-bf9a-d535de4a5ae3&fr=SRP%20Job%20Listing,Cybersolution Technologies Sdn Bhd,"Johor, Kuala Lumpur","Career Development Opprtunities,Attractive Salary Package,Fun working environment",MYR 3.5K - 6.5K monthly,27/10/2021,6/11/2021
23,Senior Software Developer - Full Stack,https://www.jobstreet.com.my/en/job/senior-software-developer-full-stack-4717701?jobId=jobstreet-my-job-4717701&sectionRank=24&token=0~e6d28e9f-2a58-4faf-bf9a-d535de4a5ae3&fr=SRP%20Job%20Listing,Starweb Global Group,Kuala Lumpur,Not Available,MYR 9K - 16K monthly,5/11/2021,6/11/2021
24,Java Developer-Work From Home,https://www.jobstreet.com.my/en/job/java-developer-work-from-home-4713104?jobId=jobstreet-my-job-4713104&sectionRank=25&token=0~e6d28e9f-2a58-4faf-bf9a-d535de4a5ae3&fr=SRP%20Job%20Listing,SOFTSTACK SDN. BHD.,"Kuala Lumpur, Johor, Penang, Perak, Sabah, Melaka, Selangor, Sarawak","Become an expert but also learn beyond your field of expertise,Work From Home Based (A healthy work-life balance),Support Overseas Client Project",Not_Available,1/11/2021,6/11/2021
25,Senior Java Developer,https://www.jobstreet.com.my/en/job/senior-java-developer-4705972?jobId=jobstreet-my-job-4705972&sectionRank=26&token=0~e6d28e9f-2a58-4faf-bf9a-d535de4a5ae3&fr=SRP%20Job%20Listing,Tata Consultancy Services,Kuala Lumpur,Not Available,Not_Available,2/11/2021,6/11/2021
26,Software Developer (Java),https://www.jobstreet.com.my/en/job/software-developer-java-4712746?jobId=jobstreet-my-job-4712746&sectionRank=27&token=0~e6d28e9f-2a58-4faf-bf9a-d535de4a5ae3&fr=SRP%20Job%20Listing,Berjaya Sompo Insurance Berhad,Kuala Lumpur,Not Available,MYR 6K - 9K monthly,1/11/2021,6/11/2021
27,Senior Java Engineer,https://www.jobstreet.com.my/en/job/senior-java-engineer-4715021?jobId=jobstreet-my-job-4715021&sectionRank=28&token=0~e6d28e9f-2a58-4faf-bf9a-d535de4a5ae3&fr=SRP%20Job%20Listing,SHOPPERTISE SDN. BHD.,Kuala Lumpur,"Start NOW,Remote workplace,Work with growing brands like myBurgerLab, TheChickenRiceShop etc",MYR 5K - 10K monthly,3/11/2021,6/11/2021
28,"Senior Software Engineer (React JS, JAVA)",https://www.jobstreet.com.my/en/job/senior-software-engineer-react-js-java-4715237?jobId=jobstreet-my-job-4715237&sectionRank=29&token=0~e6d28e9f-2a58-4faf-bf9a-d535de4a5ae3&fr=SRP%20Job%20Listing,Company_Confidential,Kuala Lumpur,Not Available,Not_Available,3/11/2021,6/11/2021
29,Java/JS Developer,https://www.jobstreet.com.my/en/job/java-js-developer-4701834?jobId=jobstreet-my-job-4701834&sectionRank=30&token=0~e6d28e9f-2a58-4faf-bf9a-d535de4a5ae3&fr=SRP%20Job%20Listing,8capita,Kuala Lumpur,"Remote-First company,Dynamic International team,Interesting FinTech products to work on",MYR 6K - 8.4K monthly,31/10/2021,6/11/2021
